<?xml version="1.0" encoding="UTF-8"?>
<beans xmlns="http://www.springframework.org/schema/beans"
       xmlns:xsi="http://www.w3.org/2001/XMLSchema-instance"
       xmlns:axon="http://www.axonframework.org/schema/core"
       xsi:schemaLocation="http://www.springframework.org/schema/beans http://www.springframework.org/schema/beans/spring-beans.xsd
                           http://www.axonframework.org/schema/core http://www.axonframework.org/schema/axon-core-2.0.xsd">

    <axon:event-bus id="eventBus"/>

    <axon:disruptor-command-bus id="disruptorCommandBus" event-store="eventStore" event-bus="eventBus">
        <axon:repositories>
             <axon:repository id="toDoRepository" aggregate-type="axon.model.ToDoItem" />
        </axon:repositories>
    </axon:disruptor-command-bus>


    <axon:event-sourcing-repository id="toDoRepository"
                                    aggregate-type="axon.model.ToDoItem" event-bus="eventBus" event-store="eventStore"/>


    <axon:aggregate-command-handler id="toDoItemHandler"
                                    aggregate-type="axon.model.ToDoItem"
                                    repository="toDoRepository"
                                    command-bus="disruptorCommandBus"/>

    <axon:filesystem-event-store id="eventStore" base-dir="events"/>

    <axon:annotation-config />



    <bean class="org.axonframework.commandhandling.gateway.CommandGatewayFactoryBean">
        <property name="commandBus" ref="disruptorCommandBus"/>
    </bean>

</beans>